"group","local_path","source_url","retrieved_at_utc","status","http_status","content_type","size_bytes","sha256","error","data_origin"
"wsdot_c8078_idr","raw/wsdot/C8078/idrs/IDR-2011-01-13.pdf","https://data.wsdot.wa.gov/accountability/ssb5806/Repository/7_Project%20Delivery/C-8078%20-%20Temp%20Test%20Pile/1-25%20Inspector%27s%20Daily%20Report/IDR-2011-01-13.pdf","2026-09-01T09:34:58.8939305Z","downloaded","200","application/pdf","409711","69f3b461d41d7136ea17cd454d94c8980dfa0bc36c2684676b1fb538ffc1bc9f","","real"
"wsdot_c8078_idr","raw/wsdot/C8078/idrs/IDR-2011-01-14.pdf","https://data.wsdot.wa.gov/accountability/ssb5806/Repository/7_Project%20Delivery/C-8078%20-%20Temp%20Test%20Pile/1-25%20Inspector%27s%20Daily%20Report/IDR-2011-01-14.pdf","2026-09-01T09:34:58.8939305Z","downloaded","200","application/pdf","1004220","ea6f2f929d6210eaaf1fa23e9438ca8707d93b7db2545c7371f722642452101c","","real"
"wsdot_c8078_idr","raw/wsdot/C8078/idrs/IDR-2011-02-01.pdf","https://data.wsdot.wa.gov/accountability/ssb5806/Repository/7_Project%20Delivery/C-8078%20-%20Temp%20Test%20Pile/1-25%20Inspector%27s%20Daily%20Report/IDR-2011-02-01.pdf","2026-09-01T09:34:58.8939305Z","downloaded","200","application/pdf","300320","880518c98759e9eb58118a8ec2fee1a093f25c3aafe4c629ec1d82078e7fa267","","real"
"wsdot_c8078_idr","raw/wsdot/C8078/idrs/IDR-2011-02-04.pdf","https://data.wsdot.wa.gov/accountability/ssb5806/Repository/7_Project%20Delivery/C-8078%20-%20Temp%20Test%20Pile/1-25%20Inspector%27s%20Daily%20Report/IDR-2011-02-04.pdf","2026-09-01T09:34:58.8939305Z","downloaded","200","application/pdf","72394","0d3baf1a726883eee4ff5dd24bd9c55896e59ee70d4efba122a49e91400b934c","","real"
"wsdot_c8078_idr","raw/wsdot/C8078/idrs/IDR-2011-02-07.pdf","https://data.wsdot.wa.gov/accountability/ssb5806/Repository/7_Project%20Delivery/C-8078%20-%20Temp%20Test%20Pile/1-25%20Inspector%27s%20Daily%20Report/IDR-2011-02-07.pdf","2026-09-01T09:34:58.8939305Z","downloaded","200","application/pdf","708115","e9890de251f575f1cf354ab0c9955e1faf06ad183ccadd1d7f7b31cb78d25178","","real"
"wsdot_c8078_idr","raw/wsdot/C8078/idrs/IDR-2011-02-10.pdf","https://data.wsdot.wa.gov/accountability/ssb5806/Repository/7_Project%20Delivery/C-8078%20-%20Temp%20Test%20Pile/1-25%20Inspector%27s%20Daily%20Report/IDR-2011-02-10.pdf","2026-09-01T09:34:58.8939305Z","downloaded","200","application/pdf","275011","fefaeb86f43d8a9f70c3ea946faadb03401e5320f7e3d1ad63a7262bb53c8166","","real"
"wsdot_c8078_idr","raw/wsdot/C8078/idrs/IDR-2011-02-11-2.pdf","https://data.wsdot.wa.gov/accountability/ssb5806/Repository/7_Project%20Delivery/C-8078%20-%20Temp%20Test%20Pile/1-25%20Inspector%27s%20Daily%20Report/IDR-2011-02-11-2.pdf","2026-09-01T09:34:58.8939305Z","downloaded","200","application/pdf","1811930","cf5e4904d8d3d8a6d86618e62d26fb1d5f6c59e4436c92ac472f7285e1703d80","","real"
"wsdot_c8078_idr","raw/wsdot/C8078/idrs/IDR-2011-02-11-TN.pdf","https://data.wsdot.wa.gov/accountability/ssb5806/Repository/7_Project%20Delivery/C-8078%20-%20Temp%20Test%20Pile/1-25%20Inspector%27s%20Daily%20Report/IDR-2011-02-11-TN.pdf","2026-09-01T09:34:58.8939305Z","downloaded","200","application/pdf","341008","8ebb0dbf1665e761384ace40e33b7e8c6b920e7bf093f382a616c8c1aa0dfe8d","","real"
"wsdot_c8078_idr","raw/wsdot/C8078/idrs/IDR-2011-02-11.pdf","https://data.wsdot.wa.gov/accountability/ssb5806/Repository/7_Project%20Delivery/C-8078%20-%20Temp%20Test%20Pile/1-25%20Inspector%27s%20Daily%20Report/IDR-2011-02-11.pdf","2026-09-01T09:34:58.8939305Z","downloaded","200","application/pdf","78336","d8e83c7f8d39c74c996a63fec73f1c0f10bb23908355c215f4d17046a7e9fd9d","","real"
"wsdot_c8078_idr","raw/wsdot/C8078/idrs/IDR-2011-02-12-TN.pdf","https://data.wsdot.wa.gov/accountability/ssb5806/Repository/7_Project%20Delivery/C-8078%20-%20Temp%20Test%20Pile/1-25%20Inspector%27s%20Daily%20Report/IDR-2011-02-12-TN.pdf","2026-09-01T09:34:58.8939305Z","downloaded","200","application/pdf","339793","696898dd1bfff93046c1d0a8ebcf03e5b12dc2576f015a5aaa6ac5a2f17df1e7","","real"
"wsdot_c8078_idr","raw/wsdot/C8078/idrs/IDR-2011-02-12.pdf","https://data.wsdot.wa.gov/accountability/ssb5806/Repository/7_Project%20Delivery/C-8078%20-%20Temp%20Test%20Pile/1-25%20Inspector%27s%20Daily%20Report/IDR-2011-02-12.pdf","2026-09-01T09:34:58.8939305Z","downloaded","200","application/pdf","1337523","0c1511cc6a28aa2c215c7ed05ed4afc7e74790d1e8dc2aeed199fabe19462dfa","","real"
"wsdot_c8078_idr","raw/wsdot/C8078/idrs/IDR-2011-02-14.pdf","https://data.wsdot.wa.gov/accountability/ssb5806/Repository/7_Project%20Delivery/C-8078%20-%20Temp%20Test%20Pile/1-25%20Inspector%27s%20Daily%20Report/IDR-2011-02-14.pdf","2026-09-01T09:34:58.8939305Z","downloaded","200","application/pdf","356339","8f2ecce89c381b3d1fe19cedc6f6c27cc4ac240f0e5eb82c7bb50f18fe87f4f1","","real"
"wsdot_c8078_idr","raw/wsdot/C8078/idrs/IDR-2011-02-15.pdf","https://data.wsdot.wa.gov/accountability/ssb5806/Repository/7_Project%20Delivery/C-8078%20-%20Temp%20Test%20Pile/1-25%20Inspector%27s%20Daily%20Report/IDR-2011-02-15.pdf","2026-09-01T09:34:58.8939305Z","downloaded","200","application/pdf","343525","3980eb3cf5bab345aed50fb6bb7f45e02ae9c7341c6af9dad6301045b10bbfe6","","real"
"wsdot_c8078_idr","raw/wsdot/C8078/idrs/IDR-2011-02-16-TN.pdf","https://data.wsdot.wa.gov/accountability/ssb5806/Repository/7_Project%20Delivery/C-8078%20-%20Temp%20Test%20Pile/1-25%20Inspector%27s%20Daily%20Report/IDR-2011-02-16-TN.pdf","2026-09-01T09:34:58.8939305Z","downloaded","200","application/pdf","343404","1f95690331aedc4d413fcafc448440389aee3288cabf06408899cdb1456dd097","","real"
"wsdot_c8078_idr","raw/wsdot/C8078/idrs/IDR-2011-02-16.pdf","https://data.wsdot.wa.gov/accountability/ssb5806/Repository/7_Project%20Delivery/C-8078%20-%20Temp%20Test%20Pile/1-25%20Inspector%27s%20Daily%20Report/IDR-2011-02-16.pdf","2026-09-01T09:34:58.8939305Z","downloaded","200","application/pdf","849445","cbfa3ca084e47c06749ddbdac91a79d53aed84d7dcc133a150812e9e45efa383","","real"
"wsdot_c8078_idr","raw/wsdot/C8078/idrs/IDR-2011-02-17-TN.pdf","https://data.wsdot.wa.gov/accountability/ssb5806/Repository/7_Project%20Delivery/C-8078%20-%20Temp%20Test%20Pile/1-25%20Inspector%27s%20Daily%20Report/IDR-2011-02-17-TN.pdf","2026-09-01T09:34:58.8939305Z","downloaded","200","application/pdf","371844","3e8d5e56e40631577d9419fe0d618c462aab48a2a6742469b4045a3199b121c9","","real"
"wsdot_c8078_idr","raw/wsdot/C8078/idrs/IDR-2011-02-17.pdf","https://data.wsdot.wa.gov/accountability/ssb5806/Repository/7_Project%20Delivery/C-8078%20-%20Temp%20Test%20Pile/1-25%20Inspector%27s%20Daily%20Report/IDR-2011-02-17.pdf","2026-09-01T09:34:58.8939305Z","downloaded","200","application/pdf","796049","6c77197f81ddbd674985c1ce18759fe2afd57fc0b6ceccc6eb5c15d9b67ad263","","real"
"wsdot_c8078_idr","raw/wsdot/C8078/idrs/IDR-2011-02-18.pdf","https://data.wsdot.wa.gov/accountability/ssb5806/Repository/7_Project%20Delivery/C-8078%20-%20Temp%20Test%20Pile/1-25%20Inspector%27s%20Daily%20Report/IDR-2011-02-18.pdf","2026-09-01T09:34:58.8939305Z","downloaded","200","application/pdf","341408","efd78d234fa50ead725ef0599cfec200e63eeebe3d1ee4970d201fed480a0aa1","","real"
"wsdot_c8078_idr","raw/wsdot/C8078/idrs/IDR-2011-02-21.pdf","https://data.wsdot.wa.gov/accountability/ssb5806/Repository/7_Project%20Delivery/C-8078%20-%20Temp%20Test%20Pile/1-25%20Inspector%27s%20Daily%20Report/IDR-2011-02-21.pdf","2026-09-01T09:34:58.8939305Z","downloaded","200","application/pdf","341221","8911f347f3035de887e220394fd5d1fe9f30777114778579aeaedcd1b7d7d133","","real"
"wsdot_c8078_idr","raw/wsdot/C8078/idrs/IDR-2011-03-01.pdf","https://data.wsdot.wa.gov/accountability/ssb5806/Repository/7_Project%20Delivery/C-8078%20-%20Temp%20Test%20Pile/1-25%20Inspector%27s%20Daily%20Report/IDR-2011-03-01.pdf","2026-09-01T09:34:58.8939305Z","downloaded","200","application/pdf","4090222","8b1e79cd1ab6ac3d58054e8935f81a1a85c7f6b351a628c37d539239cb431dc8","","real"
"wsdot_c8078_idr","raw/wsdot/C8078/idrs/IDR-2011-03-02.pdf","https://data.wsdot.wa.gov/accountability/ssb5806/Repository/7_Project%20Delivery/C-8078%20-%20Temp%20Test%20Pile/1-25%20Inspector%27s%20Daily%20Report/IDR-2011-03-02.pdf","2026-09-01T09:34:58.8939305Z","downloaded","200","application/pdf","683455","114b8fcde880b13f3571b808c297896cb659a9e2e4d3c70d0da309ddb5f629bf","","real"
"wsdot_c8078_legacy_idr","raw/wsdot/C8078/legacy_idr_copies/021111_IDR_C8078_DT.pdf","https://data.wsdot.wa.gov/accountability/ssb5806/Repository/7_Project%20Delivery/C-8078%20-%20Temp%20Test%20Pile/IDR/021111_IDR_C8078_DT.pdf","2026-09-01T09:34:58.8939305Z","downloaded","200","application/pdf","1810160","e88821cfa0d68aff1e22a3cea182f856978a185915114b4180d67f446be5451a","","real"
"wsdot_c8078_legacy_idr","raw/wsdot/C8078/legacy_idr_copies/021211_IDR_C8078_DT.pdf","https://data.wsdot.wa.gov/accountability/ssb5806/Repository/7_Project%20Delivery/C-8078%20-%20Temp%20Test%20Pile/IDR/021211_IDR_C8078_DT.pdf","2026-09-01T09:34:58.8939305Z","downloaded","200","application/pdf","1334737","1706be9d796cb8d22591bcbaec286ecb0363341b65a738cffd1337dd0ca0b773","","real"
"wsdot_c8078_legacy_idr","raw/wsdot/C8078/legacy_idr_copies/021611_IDR_C8078_DT.pdf","https://data.wsdot.wa.gov/accountability/ssb5806/Repository/7_Project%20Delivery/C-8078%20-%20Temp%20Test%20Pile/IDR/021611_IDR_C8078_DT.pdf","2026-09-01T09:34:58.8939305Z","downloaded","200","application/pdf","845801","62aea5e2177bb67c3ad2ab7849f0b8ddd2d2291ddecbcf710bd42d58dfd108fa","","real"
"wsdot_c8078_legacy_idr","raw/wsdot/C8078/legacy_idr_copies/021711_IDR_C8078_DT.pdf","https://data.wsdot.wa.gov/accountability/ssb5806/Repository/7_Project%20Delivery/C-8078%20-%20Temp%20Test%20Pile/IDR/021711_IDR_C8078_DT.pdf","2026-09-01T09:34:58.8939305Z","downloaded","200","application/pdf","792405","6419a904a56c41748ab93a254ca8e7c62d8a5781bcfe6dc3f19d234b3c08d64c","","real"
"wsdot_c8078_legacy_idr","raw/wsdot/C8078/legacy_idr_copies/2011-02-11-IDR-TN.pdf","https://data.wsdot.wa.gov/accountability/ssb5806/Repository/7_Project%20Delivery/C-8078%20-%20Temp%20Test%20Pile/IDR/2011-02-11-IDR-TN.pdf","2026-09-01T09:34:58.8939305Z","downloaded","200","application/pdf","345802","f959ffa693a1e2c755aa3971ce618b225989713c14d0cdbd318fe163f7ad6af0","","real"
"wsdot_c8078_legacy_idr","raw/wsdot/C8078/legacy_idr_copies/2011-02-12-IDR-TN.pdf","https://data.wsdot.wa.gov/accountability/ssb5806/Repository/7_Project%20Delivery/C-8078%20-%20Temp%20Test%20Pile/IDR/2011-02-12-IDR-TN.pdf","2026-09-01T09:34:58.8939305Z","downloaded","200","application/pdf","344573","ff896bda083737fe68c6af73cd6673cf75d4df22f575622f357cea4e12fac8c4","","real"
"wsdot_c8078_legacy_idr","raw/wsdot/C8078/legacy_idr_copies/2011-02-14-IDR-TN.pdf","https://data.wsdot.wa.gov/accountability/ssb5806/Repository/7_Project%20Delivery/C-8078%20-%20Temp%20Test%20Pile/IDR/2011-02-14-IDR-TN.pdf","2026-09-01T09:34:58.8939305Z","downloaded","200","application/pdf","361292","e53abb99f2c73c7ad4c4fa7780ba768d9e6aee4d11beb2af12802080de73b844","","real"
"wsdot_c8078_legacy_idr","raw/wsdot/C8078/legacy_idr_copies/2011-02-15-IDR-TN.pdf","https://data.wsdot.wa.gov/accountability/ssb5806/Repository/7_Project%20Delivery/C-8078%20-%20Temp%20Test%20Pile/IDR/2011-02-15-IDR-TN.pdf","2026-09-01T09:34:58.8939305Z","downloaded","200","application/pdf","348305","76e0588c37ad4abe0e5b5b7dfdd4329419dc345cccb5f728993a06f46af178a2","","real"
"wsdot_c8078_legacy_idr","raw/wsdot/C8078/legacy_idr_copies/2011-02-16-IDR-TN.pdf","https://data.wsdot.wa.gov/accountability/ssb5806/Repository/7_Project%20Delivery/C-8078%20-%20Temp%20Test%20Pile/IDR/2011-02-16-IDR-TN.pdf","2026-09-01T09:34:58.8939305Z","downloaded","200","application/pdf","342787","b0af8492a4812c63ff284d6a99bf4133d33cfe3a79ca7f9579600f41ed478168","","real"
"wsdot_c8078_legacy_idr","raw/wsdot/C8078/legacy_idr_copies/2011-02-17-IDR-TN.pdf","https://data.wsdot.wa.gov/accountability/ssb5806/Repository/7_Project%20Delivery/C-8078%20-%20Temp%20Test%20Pile/IDR/2011-02-17-IDR-TN.pdf","2026-09-01T09:34:58.8939305Z","downloaded","200","application/pdf","371223","02513fb0c604d72c3ff39b6e478ded48fb68d570f3e51f4bba54a54d67732e16","","real"
"wsdot_c8078_legacy_idr","raw/wsdot/C8078/legacy_idr_copies/2011-02-18-IDR-TN.pdf","https://data.wsdot.wa.gov/accountability/ssb5806/Repository/7_Project%20Delivery/C-8078%20-%20Temp%20Test%20Pile/IDR/2011-02-18-IDR-TN.pdf","2026-09-01T09:34:58.8939305Z","downloaded","200","application/pdf","340793","2c51b414ca2a9af47c7aea4cb14d1c8e77bc48c7f11cf7adf5515de6f04df17e","","real"
"wsdot_c8078_legacy_idr","raw/wsdot/C8078/legacy_idr_copies/2011-02-21-IDR-TN.pdf","https://data.wsdot.wa.gov/accountability/ssb5806/Repository/7_Project%20Delivery/C-8078%20-%20Temp%20Test%20Pile/IDR/2011-02-21-IDR-TN.pdf","2026-09-01T09:34:58.8939305Z","downloaded","200","application/pdf","340603","e342a06b43eb852952e521506d7af5d925d41006fca4b684af045b817fd2df03","","real"
"wsdot_c8078_schedule","raw/wsdot/C8078/schedules/2011-01-21.pdf","https://data.wsdot.wa.gov/accountability/ssb5806/Repository/7_Project%20Delivery/C-8078%20-%20Temp%20Test%20Pile/1-13%20Project%20Schedule/2011-01-21.pdf","2026-09-01T09:34:58.8939305Z","downloaded","200","application/pdf","1111727","e601a777823c9c2a7b7166395b463651882a1b8370fb29dbe615bedcb9cfa3ba","","real"
"wsdot_c8078_schedule","raw/wsdot/C8078/schedules/2011-02-14-.pdf","https://data.wsdot.wa.gov/accountability/ssb5806/Repository/7_Project%20Delivery/C-8078%20-%20Temp%20Test%20Pile/1-13%20Project%20Schedule/2011-02-14-.pdf","2026-09-01T09:34:58.8939305Z","downloaded","200","application/pdf","1268635","2a75a0e42173e03f6f8040904137af859ce8c55387cd10ddc54d0e12bbdbb421","","real"
"wsdot_c8078_context","raw/wsdot/C8078/project_context/C8078-Progress-Estimate-2.pdf","https://data.wsdot.wa.gov/accountability/ssb5806/Repository/7_Project%20Delivery/C-8078%20-%20Temp%20Test%20Pile/C8078%20-%20Progress%20Estimate%202.pdf","2026-09-01T09:34:58.8939305Z","downloaded","200","application/pdf","1757299","e8be10b0002c587d5635f219cb4dd2227972b280cacf4813812c71b4514c6342","","real"
"wsdot_c8078_context","raw/wsdot/C8078/project_context/Est-2011-03-03.pdf","https://data.wsdot.wa.gov/accountability/ssb5806/Repository/7_Project%20Delivery/C-8078%20-%20Temp%20Test%20Pile/1-27%20Estimates/Est-2011-03-03.pdf","2026-09-01T09:34:58.8939305Z","downloaded","200","application/pdf","11859601","90eb5ffc65347e844e577dd9a836a5aebe4e3ea4075adce745e6a4fee993639a","","real"
"wsdot_c8078_contract_time","raw/wsdot/C8078/contract_time/2011-02-15-1.pdf","https://data.wsdot.wa.gov/accountability/ssb5806/Repository/7_Project%20Delivery/C-8078%20-%20Temp%20Test%20Pile/1-4%20Contract%20Time/2011-02-15-1.pdf","2026-09-01T09:34:58.8939305Z","downloaded","200","application/pdf","955005","2a3f04f2afb6edd21a0577153ca669394dc3f410c61acd39b00827c5fa8af3a1","","real"
"wsdot_c8078_contract_time","raw/wsdot/C8078/contract_time/2011-02-23-2.pdf","https://data.wsdot.wa.gov/accountability/ssb5806/Repository/7_Project%20Delivery/C-8078%20-%20Temp%20Test%20Pile/1-4%20Contract%20Time/2011-02-23-2.pdf","2026-09-01T09:34:58.8939305Z","downloaded","200","application/pdf","552295","1c87cbf83709076490c1a47172357821c408c07e2bf0d2161adffb71339b9085","","real"
"wsdot_c8078_contract_time","raw/wsdot/C8078/contract_time/2011-03-01-3.pdf","https://data.wsdot.wa.gov/accountability/ssb5806/Repository/7_Project%20Delivery/C-8078%20-%20Temp%20Test%20Pile/1-4%20Contract%20Time/2011-03-01-3.pdf","2026-09-01T09:34:58.8939305Z","downloaded","200","application/pdf","911214","e249877d8b0ba6bfa16576eb71feb150c922455b80163a38a94e20ad549ba181","","real"
"wsdot_c8078_contract_time","raw/wsdot/C8078/contract_time/2011-03-02-4.pdf","https://data.wsdot.wa.gov/accountability/ssb5806/Repository/7_Project%20Delivery/C-8078%20-%20Temp%20Test%20Pile/1-4%20Contract%20Time/2011-03-02-4.pdf","2026-09-01T09:34:58.8939305Z","downloaded","200","application/pdf","862158","011efb9753933dc89f5a55d098991d82258f2ebdb3d1bbaddfbd651597bc6d21","","real"
"wsdot_c8078_contract_time","raw/wsdot/C8078/contract_time/2011-09-27.pdf","https://data.wsdot.wa.gov/accountability/ssb5806/Repository/7_Project%20Delivery/C-8078%20-%20Temp%20Test%20Pile/1-4%20Contract%20Time/2011-09-27.pdf","2026-09-01T09:34:58.8939305Z","downloaded","200","application/pdf","55571","4b309a81876bc7ec6823b51e3661d4eecf886a199e5f28c5f3d4615f82652579","","real"
"wsdot_reference","raw/wsdot/reference/DOT-Form-422-004.pdf","https://wsdot.wa.gov/publications/fulltext/forms/422-004.PDF","2026-09-01T09:34:58.8939305Z","downloaded","200","application/pdf","411803","bd15334fc8484f667058fa7659a42c04d798fa34ac1aa4073c02eaa9efe6b886","","real"
"wsdot_reference","raw/wsdot/reference/DOT-Form-422-004A.pdf","https://wsdot.wa.gov/publications/fulltext/forms/422-004A.PDF","2026-09-01T09:34:58.8939305Z","downloaded","200","application/pdf","206966","6347a9bf801b40193779eedd8a7a673252cc070733b993f5404d7acd6c30d274","","real"
"wsdot_reference","raw/wsdot/reference/DOT-Form-422-004B.pdf","https://wsdot.wa.gov/publications/fulltext/forms/422-004B.PDF","2026-09-01T09:34:58.8939305Z","downloaded","200","application/pdf","923355","59191b3aa69673c4db0200cd8fd5f61d6272f5a0daa4788d1973b6513bead3a2","","real"
"wsdot_reference","raw/wsdot/reference/WSDOT-Construction-Manual-M41-01.47.pdf","https://wsdot.wa.gov/publications/manuals/fulltext/M41-01/M4101.47Complete.pdf","2026-09-01T09:34:58.8939305Z","downloaded","200","application/pdf","11912817","c09730996dd1911f35d6f839d0cefc221147282fc16df0b63e2aeddb30beb312","","real"
"fhwa_reference","raw/fhwa/reference/FHWA-1413-Contractor-Daily-Record.pdf","https://highways.dot.gov/sites/fhwa.dot.gov/files/docs/federal-lands/construction/15746/cdr-1413.pdf","2026-09-01T09:34:58.8939305Z","failed",,,,,"Response status code does not indicate success: 403 (Forbidden).","real"
"fhwa_reference","raw/fhwa/reference/FHWA-1413-Inspector-Daily-Record.pdf","https://highways.dot.gov/sites/fhwa.dot.gov/files/docs/federal-lands/construction/15741/idr-1413.pdf","2026-09-01T09:34:58.8939305Z","failed",,,,,"Response status code does not indicate success: 403 (Forbidden).","real"
"fhwa_reference","raw/fhwa/reference/WFLHD-465-Contractor-Daily-Record.pdf","https://highways.dot.gov/sites/fhwa.dot.gov/files/2024-07/WFLHD-465-CDR.pdf","2026-09-01T09:34:58.8939305Z","failed",,,,,"Response status code does not indicate success: 403 (Forbidden).","real"
"fhwa_reference","raw/fhwa/reference/WFLHD-472-Contractor-Daily-QC-Report.pdf","https://highways.dot.gov/sites/fhwa.dot.gov/files/2024-07/WFLHD-472-QCR.pdf","2026-09-01T09:34:58.8939305Z","failed",,,,,"Response status code does not indicate success: 403 (Forbidden).","real"
"fhwa_reference","raw/fhwa/reference/FHWA-1446A-Construction-Inspection-Report.pdf","https://highways.dot.gov/federal-lands/construction/forms/wfl/fhwa-1446a","2026-09-01T09:34:58.8939305Z","failed",,,,,"Response status code does not indicate success: 403 (Forbidden).","real"
"fhwa_reference","raw/fhwa/reference/FHWA-Construction-Program-Management-and-Inspection-Guide-2004.pdf","https://www.fhwa.dot.gov/construction/cpmi04.pdf","2026-09-01T09:34:58.8939305Z","downloaded","200","application/pdf","4866884","0e84a84f62ad08ddfa971f00cd07829d41aaed5fbb2a04752c455e989585e21f","","real"
"fhwa_reference","raw/fhwa/reference/FHWA-Create-Daily-Diary.pdf","https://highways.dot.gov/sites/fhwa.dot.gov/files/docs/federal-lands/construction/16751/create-daily-diary.pdf","2026-09-01T09:34:58.8939305Z","failed",,,,,"Response status code does not indicate success: 403 (Forbidden).","real"
"fhwa_reference","raw/fhwa/reference/FHWA-Masterworks-Construction-Participant-Guide.pdf","https://highways.dot.gov/sites/fhwa.dot.gov/files/M06A-Construction.pdf","2026-09-01T09:34:58.8939305Z","failed",,,,,"Response status code does not indicate success: 403 (Forbidden).","real"
"fhwa_reference","raw/fhwa/reference/FHWA-Reports-Dashboard-Participant-Guide.pdf","https://highways.dot.gov/federal-lands/estimates/mw-guide/M10-Reports-Dashboard.pdf","2026-09-01T09:34:58.8939305Z","failed",,,,,"Response status code does not indicate success: 403 (Forbidden).","real"
"fhwa_reference","raw/fhwa/reference/EFL-Construction-Forms.zip","https://highways.dot.gov/sites/fhwa.dot.gov/files/docs/federal-lands/construction/forms-efl/EFL_Construction_Forms.zip","2026-09-01T09:34:58.8939305Z","failed",,,,,"Response status code does not indicate success: 403 (Forbidden).","real"
"policy","raw/policy/data-wsdot-robots.txt","https://data.wsdot.wa.gov/robots.txt","2026-09-01T09:34:58.8939305Z","failed",,,,,"Response status code does not indicate success: 404 (Not Found).","real"
"policy","raw/policy/wsdot-robots.txt","https://wsdot.wa.gov/robots.txt","2026-09-01T09:34:58.8939305Z","downloaded","200","text/plain","2027","773fb8d35bb9a39d35335ee6db8dc5c912d2aacbfb823152d9c61cd647dd902d","","real"
"policy","raw/policy/highways-dot-gov-robots.txt","https://highways.dot.gov/robots.txt","2026-09-01T09:34:58.8939305Z","failed",,,,,"Response status code does not indicate success: 403 (Forbidden).","real"
"policy","raw/policy/fhwa-dot-gov-robots.txt","https://www.fhwa.dot.gov/robots.txt","2026-09-01T09:34:58.8939305Z","downloaded","200","text/plain","2593","ff067b9f7f861db930cefb1e46dd9a9ba945bb81aa7ffdcc90f953b679c0119d","","real"
"policy","raw/policy/wsdot-web-privacy-notice.html","https://wsdot.wa.gov/about/policies/web-privacy-notice","2026-09-01T09:34:58.8939305Z","downloaded","200","text/html; charset=UTF-8","146394","2d9b04d6bfecaaf66279f6a17cbbfa2a38651fe05d407afae009be9e0da3943b","","real"
